Altai_1	Part1/Altai_1
Altai_2	Part1/Altai_2
Anja-Alesha-i-my	Part1/Anja-Alesha-i-my
artemka	Part1/artemka
butyrka-1	Part1/butyrka-1
butyrka-2	Part1/butyrka-2
Chibini	Part1/Chibini
Galja	Part1/Galja
Kozha	Part1/Kozha
Mangischlak	Part1/Mangischlak
Nashy-Fany	Part1/Nashy-Fany
Pamir	Part1/Pamir
Pechora-Onega	Part1/Pechora-Onega
Tjan-shan	Part1/Tjan-shan
Ustjurt	Part1/Ustjurt
Pechora-83	Part10/Pechora-83
Sev_Dvina	Part10/Sev_Dvina
Brjanschina_1	Part11/Brjanschina_1
Brjanschina_2	Part11/Brjanschina_2
Chernosem_1_Tula	Part11/Chernosem_1_Tula
Chernosem_2_Kaluga	Part11/Chernosem_2_Kaluga
Kulikowo_pole	Part11/Kulikowo_pole
Kursk_1_P_Belgor	Part11/Kursk_1_P_Belgor
Kursk_2_Rilsk	Part11/Kursk_2_Rilsk
Lipezkaja_semlja	Part11/Lipezkaja_semlja
Orlowschina	Part11/Orlowschina
Pensa_1	Part11/Pensa_1
Pensa_2	Part11/Pensa_2
Rostow_1	Part11/Rostow_1
Rostow_2	Part11/Rostow_2
Tambow	Part11/Tambow
Woronezh_1_Rileew	Part11/Woronezh_1_Rileew
Woronezh_2_Kolzow	Part11/Woronezh_2_Kolzow
Woronezh_3_Nikitin	Part11/Woronezh_3_Nikitin
Woronezh_4_Mandel	Part11/Woronezh_4_Mandel
Basch_1_Chelab	Part12/Basch_1_Chelab
Basch_2_Ufa	Part12/Basch_2_Ufa
Basch_3-Belaja	Part12/Basch_3-Belaja
Basch_4_Orenb	Part12/Basch_4_Orenb
Mordowia	Part12/Mordowia
Permji	Part12/Permji
Saw-Ural_2	Part12/Saw-Ural_2
Saw_Ural_1	Part12/Saw_Ural_1
Wjatka	Part12/Wjatka
Wolga_Kalmikia	Part12/Wolga_Kalmikia
Wolga_Kalmik_Astra	Part12/Wolga_Kalmik_Astra
Wolga_Saratov	Part12/Wolga_Saratov
Wolga_Sisr_Samara	Part12/Wolga_Sisr_Samara
Altai_Chul	Part13/Altai_Chul
Altai_Kos_Ag	Part13/Altai_Kos_Ag
Altai_Ojroti	Part13/Altai_Ojroti
Altai_Otchi_bala	Part13/Altai_Otchi_bala
Tjumen	Part13/Tjumen
Tobolsk	Part13/Tobolsk
Tomsk-1	Part13/Tomsk-1
Tomsk-2	Part13/Tomsk-2
Amerikanzi-1	Part14/Amerikanzi-1
Amerikanzi-2	Part14/Amerikanzi-2
2_Pereslawlja	Part2/2_Pereslawlja
ikoni	Part2/ikoni
Kizchi	Part2/Kizchi
Mesen-2	Part2/Mesen-2
Moskwa_1	Part2/Moskwa_1
Moskwa_2	Part2/Moskwa_2
Moskwa_3	Part2/Moskwa_3
Nowgorod_nachala	Part2/Nowgorod_nachala
Nowgorod_pskow_st	Part2/Nowgorod_pskow_st
Onega	Part2/Onega
Opolje	Part2/Opolje
Pskowsri_kreposti	Part2/Pskowsri_kreposti
Sabas-83_ssilkaGleba	Part2/Sabas-83_ssilkaGleba
Sergii_Rad	Part2/Sergii_Rad
Solowki	Part2/Solowki
Vologodchina	Part2/Vologodchina
Ararat	Part3/Ararat
Armenia-69	Part3/Armenia-69
Dzhan_Tugan	Part3/Dzhan_Tugan
Gruzii	Part3/Gruzii
Koenigsberg	Part3/Koenigsberg
Latvia	Part3/Latvia
Litwa	Part3/Litwa
lvov	Part3/lvov
Nachichewan	Part3/Nachichewan
Nida	Part3/Nida
Odessa	Part3/Odessa
Pizchma	Part3/Pizchma
Sew_armenia	Part3/Sew_armenia
Tallin	Part3/Tallin
Vesna_sveta	Part3/Vesna_sveta
Vesna_wodi	Part3/Vesna_wodi
Karpati_71	Part4/Karpati_71
Karpat_goroda	Part4/Karpat_goroda
Krim_Kokt_4_73	Part4/Krim_Kokt_4_73
Krim_rasni_3	Part4/Krim_rasni_3
Krim_rus_2	Part4/Krim_rus_2
Krim_tat_1	Part4/Krim_tat_1
Ukraina-1	Part4/Ukraina-1
Ukraina-2	Part4/Ukraina-2
Ukraina-3	Part4/Ukraina-3
ukrains_temi_71	Part4/ukrains_temi_71
Belorusi-1	Part5/Belorusi-1
Belorusi_2	Part5/Belorusi_2
Belorusi_3	Part5/Belorusi_3
Belorus_leto_82	Part5/Belorus_leto_82
Chabarowsk-74	Part5/Chabarowsk-74
Charkov-82	Part5/Charkov-82
Dustlik-82	Part5/Dustlik-82
Leningrad-1	Part5/Leningrad-1
Leningrad-2	Part5/Leningrad-2
Leningrad-3	Part5/Leningrad-3
Leningrad-4	Part5/Leningrad-4
Sev_Ural_70	Part5/Sev_Ural_70
Tweri	Part5/Tweri
Aserbaid_1	Part6/Aserbaid_1
Awarzi_1	Part6/Awarzi_1
Awarzi_2	Part6/Awarzi_2
Cherkesi-1-Stawr	Part6/Cherkesi-1-Stawr
Cherkesi-2-Archis	Part6/Cherkesi-2-Archis
Lesgini	Part6/Lesgini
Leto_86_na_Juge	Part6/Leto_86_na_Juge
Ogni_Baku_1	Part6/Ogni_Baku_1
Ogni_Baku_2	Part6/Ogni_Baku_2
Abchasia_1	Part7/Abchasia_1
Abchasia_2	Part7/Abchasia_2
Choresm-1	Part7/Choresm-1
Choresm-2	Part7/Choresm-2
Sibir-1	Part7/Sibir-1
Sibir-2	Part7/Sibir-2
Sibir-3	Part7/Sibir-3
Sred.Asija-1	Part7/Sred.Asija-1
Sred.Asija-2	Part7/Sred.Asija-2
Swanetia-1	Part7/Swanetia-1
Swanetia-2	Part7/Swanetia-2
alex	Part70/alex
Huangshan	Part71/Huangshan
Ob.kult	Part71/Ob.kult
Shanghai	Part71/Shanghai
Kubani-81	Part8/Kubani-81
Moldawi-1	Part8/Moldawi-1
Moldawi-2	Part8/Moldawi-2
Pont-81-1	Part8/Pont-81-1
Pont-81-2	Part8/Pont-81-2
Erewan-88	Part9/Erewan-88
Karabach	Part9/Karabach
Tadzhiki-1	Part9/Tadzhiki-1
Tadzhiki-2	Part9/Tadzhiki-2
